{
    "1000ul": {
        "data": [
            935.0,
            928.5,
            916.7,
            910.9,
            901.6
        ],
        "volume": [
            990.4661016949153,
            983.5805084745763,
            971.0805084745764,
            964.9364406779662,
            955.0847457627119
        ],
        "avg": 973.0296610169491,
        "std": 14.200961588576249
    },
    "800ul": {
        "data": [
            721.0,
            717.6,
            716.7,
            712.1,
            708.9
        ],
        "volume": [
            763.771186440678,
            760.1694915254238,
            759.2161016949153,
            754.3432203389831,
            750.9533898305085
        ],
        "avg": 757.6906779661017,
        "std": 5.0507559214205795
    }
}