{
    "1000ul": {
        "data": [
            942.2,
            935.6,
            937.0,
            933.7,
            935.3,
            934.2,
            934.5,
            934.5,
            934.8,
            934.4
        ],
        "volume": [
            998.0932203389832,
            991.1016949152544,
            992.5847457627119,
            989.0889830508476,
            990.7838983050848,
            989.6186440677967,
            989.9364406779662,
            989.9364406779662,
            990.2542372881356,
            989.8305084745763
        ],
        "avg": 991.1228813559321,
        "std": 2.6347581954532164
    },
    "750ul": {
        "data": [
            653.4,
            654.0,
            653.9,
            654.5,
            654.3,
            652.6,
            654.4,
            653.8,
            654.4,
            654.1
        ],
        "volume": [
            692.1610169491526,
            692.7966101694916,
            692.6906779661017,
            693.3262711864407,
            693.114406779661,
            691.3135593220339,
            693.2203389830509,
            692.5847457627118,
            693.2203389830509,
            692.9025423728814
        ],
        "avg": 692.7330508474578,
        "std": 0.6120074588500887
    },
    "500ul": {
        "data": [
            467.2,
            467.4,
            467.1,
            466.8,
            467.1,
            467.4,
            466.2,
            466.4,
            467.6,
            466.5
        ],
        "volume": [
            494.91525423728814,
            495.1271186440678,
            494.80932203389835,
            494.49152542372883,
            494.80932203389835,
            495.1271186440678,
            493.85593220338984,
            494.06779661016947,
            495.3389830508475,
            494.17372881355936
        ],
        "avg": 494.67161016949154,
        "std": 0.5019840379939643
    },
    "200ul": {
        "data": [
            187.0,
            187.7,
            186.8,
            187.7,
            187.9,
            188.8,
            185.9,
            185.9,
            186.3,
            185.8
        ],
        "volume": [
            198.09322033898306,
            198.83474576271186,
            197.8813559322034,
            198.83474576271186,
            199.04661016949154,
            200.00000000000003,
            196.92796610169492,
            196.92796610169492,
            197.35169491525426,
            196.8220338983051
        ],
        "avg": 198.0720338983051,
        "std": 1.0835275940119031
    },
    "100ul": {
        "data": [
            92.7,
            92.8,
            94.7,
            91.0,
            94.8,
            93.5,
            93.9,
            93.7,
            93.9,
            96.1
        ],
        "volume": [
            98.19915254237289,
            98.30508474576271,
            100.3177966101695,
            96.39830508474577,
            100.42372881355932,
            99.04661016949153,
            99.47033898305087,
            99.2584745762712,
            99.47033898305087,
            101.80084745762711
        ],
        "avg": 99.26906779661019,
        "std": 1.4639695942104887
    },
    "50ul": {
        "data": [
            47.5,
            47.3,
            46.7,
            48.1,
            46.8,
            47.1,
            47.9,
            47.3,
            47.3,
            46.8
        ],
        "volume": [
            50.317796610169495,
            50.10593220338983,
            49.47033898305085,
            50.95338983050848,
            49.57627118644068,
            49.89406779661017,
            50.74152542372882,
            50.10593220338983,
            50.10593220338983,
            49.57627118644068
        ],
        "avg": 50.08474576271187,
        "std": 0.4913143257323757
    },
    "20ul": {
        "data": [
            20.1,
            20.6,
            18.7,
            19.7,
            19.7,
            20.0,
            19.8,
            19.9,
            18.7,
            19.3
        ],
        "volume": [
            21.292372881355934,
            21.822033898305087,
            19.809322033898304,
            20.86864406779661,
            20.86864406779661,
            21.186440677966104,
            20.974576271186443,
            21.08050847457627,
            19.809322033898304,
            20.44491525423729
        ],
        "avg": 20.8156779661017,
        "std": 0.6360834581444859
    },
    "10ul": {
        "data": [
            10.2,
            10.0,
            10.9,
            10.8,
            10.9,
            11.8,
            11.0,
            10.6,
            11.5,
            10.5
        ],
        "volume": [
            10.805084745762711,
            10.593220338983052,
            11.546610169491526,
            11.440677966101696,
            11.546610169491526,
            12.500000000000002,
            11.652542372881356,
            11.228813559322035,
            12.182203389830509,
            11.122881355932204
        ],
        "avg": 11.461864406779663,
        "std": 0.5776300860643655
    }
}