{
    "10ul": {
        "data": [
            10.3,
            10.0,
            10.6,
            10.2,
            10.4,
            10.7,
            10.2,
            10.1,
            9.8,
            9.2
        ],
        "volume": [
            10.911016949152543,
            10.593220338983052,
            11.228813559322035,
            10.805084745762711,
            11.016949152542374,
            11.334745762711865,
            10.805084745762711,
            10.699152542372882,
            10.381355932203391,
            9.745762711864407
        ],
        "avg": 10.752118644067796,
        "std": 0.452886841044515
    },
    "20ul": {
        "data": [
            18.7,
            19.0,
            18.5,
            19.5,
            18.8,
            18.5,
            19.3,
            18.9,
            19.0,
            18.7
        ],
        "volume": [
            19.809322033898304,
            20.1271186440678,
            19.597457627118644,
            20.65677966101695,
            19.91525423728814,
            19.597457627118644,
            20.44491525423729,
            20.021186440677965,
            20.1271186440678,
            19.809322033898304
        ],
        "avg": 20.010593220338986,
        "std": 0.3439852790383502
    },
    "50ul": {
        "data": [
            45.9,
            46.8,
            47.6,
            47.5,
            46.7,
            46.2,
            46.2,
            46.4,
            46.3,
            45.5
        ],
        "volume": [
            48.62288135593221,
            49.57627118644068,
            50.42372881355933,
            50.317796610169495,
            49.47033898305085,
            48.9406779661017,
            48.9406779661017,
            49.152542372881356,
            49.04661016949152,
            48.199152542372886
        ],
        "avg": 49.26906779661017,
        "std": 0.6999189715668755
    },
    "100ul": {
        "data": [
            92.9,
            95.6,
            93.6,
            92.2,
            93.7,
            92.5,
            92.5,
            93.1,
            92.8,
            93.1
        ],
        "volume": [
            98.41101694915255,
            101.27118644067797,
            99.15254237288136,
            97.66949152542374,
            99.2584745762712,
            97.98728813559323,
            97.98728813559323,
            98.62288135593221,
            98.30508474576271,
            98.62288135593221
        ],
        "avg": 98.72881355932205,
        "std": 1.024619924332406
    },
    "200ul": {
        "data": [
            187.2,
            186.6,
            186.0,
            186.7,
            186.8,
            187.2,
            187.8,
            186.5,
            185.8,
            187.2
        ],
        "volume": [
            198.3050847457627,
            197.66949152542372,
            197.03389830508476,
            197.77542372881356,
            197.8813559322034,
            198.3050847457627,
            198.94067796610173,
            197.5635593220339,
            196.8220338983051,
            198.3050847457627
        ],
        "avg": 197.86016949152543,
        "std": 0.6371606535954781
    },
    "500ul": {
        "data": [
            467.7,
            468.4,
            467.0,
            467.1,
            468.0,
            466.6,
            467.7,
            466.8,
            466.8,
            467.4
        ],
        "volume": [
            495.4449152542373,
            496.1864406779661,
            494.7033898305085,
            494.80932203389835,
            495.7627118644068,
            494.2796610169492,
            495.4449152542373,
            494.49152542372883,
            494.49152542372883,
            495.1271186440678
        ],
        "avg": 495.0741525423728,
        "std": 0.6242114946915056
    },
    "750ul": {
        "data": [
            654.0,
            653.1,
            653.3,
            656.0,
            654.3,
            653.0,
            654.3,
            653.2,
            653.7,
            653.1
        ],
        "volume": [
            692.7966101694916,
            691.8432203389831,
            692.0550847457627,
            694.9152542372882,
            693.114406779661,
            691.7372881355933,
            693.114406779661,
            691.949152542373,
            692.4788135593221,
            691.8432203389831
        ],
        "avg": 692.5847457627118,
        "std": 0.9747297840283987
    },
	"1000ul":{
		"data":[
			935.2,
			934.2,
			932.8,
			933.4,
			934.7,
			933.7,
			934.6,
			933.9,
			635.5
			936.2
		],
		"volume": [],
		"avg": 0,
		"std": 0
	}
}