{
    "1000ul": {
        "data": [
            937.5,
            935.7,
            935.4,
            934.2,
            933.7
        ],
        "volume": [
            993.1144067796611,
            991.2076271186442,
            990.8898305084746,
            989.6186440677967,
            989.0889830508476
        ],
        "avg": 990.7838983050848,
        "std": 1.5694419904691579
    },
    "750ul": {
        "data": [
            698.2,
            698.9,
            698.5,
            696.9,
            696.6
        ],
        "volume": [
            739.6186440677967,
            740.3601694915254,
            739.9364406779662,
            738.2415254237288,
            737.9237288135594
        ],
        "avg": 739.2161016949152,
        "std": 1.0735276322168048
    },
    "500ul": {
        "data": [
            463.9,
            463.9,
            463.9,
            463.4,
            462.9
        ],
        "volume": [
            491.4194915254237,
            491.4194915254237,
            491.4194915254237,
            490.8898305084746,
            490.3601694915254
        ],
        "avg": 491.1016949152543,
        "std": 0.4737432155719859
    },
    "200ul": {
        "data": [
            185.1,
            186.0,
            184.8,
            186.0,
            185.2
        ],
        "volume": [
            196.08050847457628,
            197.03389830508476,
            195.7627118644068,
            197.03389830508476,
            196.1864406779661
        ],
        "avg": 196.41949152542375,
        "std": 0.5821454094929698
    },
    "100ul": {
        "data": [
            92.7,
            92.1,
            92.4,
            92.5,
            92.2
        ],
        "volume": [
            98.19915254237289,
            97.5635593220339,
            97.8813559322034,
            97.98728813559323,
            97.66949152542374
        ],
        "avg": 97.86016949152544,
        "std": 0.25290966920155583
    },
    "50ul": {
        "data": [
            45.9,
            45.6,
            46.4,
            46.0,
            46.2
        ],
        "volume": [
            48.62288135593221,
            48.30508474576271,
            49.152542372881356,
            48.728813559322035,
            48.9406779661017
        ],
        "avg": 48.75000000000001,
        "std": 0.3213082815276086
    },
    "20ul": {
        "data": [
            19.4,
            18.6,
            19.3,
            19.0,
            19.5
        ],
        "volume": [
            20.550847457627118,
            19.703389830508478,
            20.44491525423729,
            20.1271186440678,
            20.65677966101695
        ],
        "avg": 20.296610169491526,
        "std": 0.3863259010341193
    },
    "10ul": {
        "data": [
            10.1,
            10.3,
            9.3,
            10.4,
            10.8
        ],
        "volume": [
            10.699152542372882,
            10.911016949152543,
            9.851694915254239,
            11.016949152542374,
            11.440677966101696
        ],
        "avg": 10.783898305084747,
        "std": 0.5869447108980957
    }
}