{
    "300ul": {
        "data": [
            283.0,
            281.9,
            282.9,
            280.6,
            282.7,
            281.9,
            281.3,
            282.3,
            281.1,
            281.3
        ],
        "volume": [
            299.7881355932204,
            298.6228813559322,
            299.6822033898305,
            297.2457627118645,
            299.47033898305085,
            298.6228813559322,
            297.98728813559325,
            299.04661016949154,
            297.7754237288136,
            297.98728813559325
        ],
        "avg": 298.6228813559322,
        "std": 0.8692467249357971
    },
    "200ul": {
        "data": [
            188.1,
            187.9,
            187.5,
            188.0,
            187.7,
            188.1,
            187.4,
            187.6,
            187.9,
            187.7
        ],
        "volume": [
            199.2584745762712,
            199.04661016949154,
            198.6228813559322,
            199.15254237288136,
            198.83474576271186,
            199.2584745762712,
            198.5169491525424,
            198.72881355932205,
            199.04661016949154,
            198.83474576271186
        ],
        "avg": 198.93008474576274,
        "std": 0.261633242271789
    },
    "100ul": {
        "data": [
            93.8,
            94.3,
            93.9,
            94.2,
            94.2,
            93.7,
            94.8,
            94.5,
            93.8,
            93.4
        ],
        "volume": [
            99.36440677966102,
            99.89406779661017,
            99.47033898305087,
            99.78813559322035,
            99.78813559322035,
            99.2584745762712,
            100.42372881355932,
            100.10593220338984,
            99.36440677966102,
            98.9406779661017
        ],
        "avg": 99.63983050847457,
        "std": 0.4415959943746724
    },
    "50ul": {
        "data": [
            47.5,
            47.7,
            48.1,
            48.0,
            47.2,
            47.4,
            47.1,
            47.5,
            47.2,
            47.0
        ],
        "volume": [
            50.317796610169495,
            50.529661016949156,
            50.95338983050848,
            50.847457627118644,
            50.00000000000001,
            50.21186440677966,
            49.89406779661017,
            50.317796610169495,
            50.00000000000001,
            49.78813559322034
        ],
        "avg": 50.28601694915255,
        "std": 0.39336221586535575
    },
    "25ul": {
        "data": [
            24.5,
            23.9,
            24.2,
            24.3,
            23.9,
            24.4,
            23.8,
            23.6,
            23.6,
            23.2
        ],
        "volume": [
            25.953389830508478,
            25.31779661016949,
            25.635593220338983,
            25.741525423728817,
            25.31779661016949,
            25.847457627118644,
            25.211864406779664,
            25.000000000000004,
            25.000000000000004,
            24.576271186440678
        ],
        "avg": 25.360169491525422,
        "std": 0.4359124113562418
    },	
	"10ul": {
		"data": [
			9.9,
			10.3,
			10.0,
			10.3,
			9.9,
			9.8,
			9.9,
			9.8,
			10.6,
			10.7,
			10.4,
			10.0
		],
		"volume": [
			10.487288135593221,
			10.911016949152543,
			10.593220338983052,
			10.911016949152543,
			10.487288135593221,
			10.381355932203391,
			10.487288135593221,
			10.381355932203391,
			11.228813559322035,
			11.334745762711865,
			11.016949152542374,
			10.593220338983052
		],
		"avg":10.73446327683616,
		"std":0.33
	}

    "5ul": {
        "data": [
            5.5,
            5.5,
            5.6,
            6.1,
            4.7,
            5.6,
            6.6,
            5.8,
            6.3,
            5.7
        ],
        "volume": [
            5.826271186440678,
            5.826271186440678,
            5.932203389830509,
            6.461864406779661,
            4.978813559322035,
            5.932203389830509,
            6.991525423728813,
            6.1440677966101696,
            6.673728813559322,
            6.038135593220339
        ],
        "avg": 6.080508474576272,
        "std": 0.5497598998878123
    },
    "1ul": {
        "data": [
            2.6,
            2.3,
            2.3,
            2.4,
            3.1,
            2.6,
            2.8,
            2.5,
            2.3,
            1.9
        ],
        "volume": [
            2.7542372881355934,
            2.4364406779661016,
            2.4364406779661016,
            2.542372881355932,
            3.283898305084746,
            2.7542372881355934,
            2.9661016949152543,
            2.648305084745763,
            2.4364406779661016,
            2.01271186440678
        ],
        "avg": 2.6271186440677963,
        "std": 0.3452515977847548
    }
}