{
    "10ul": {
        "data": [
            10.3,
            10.0,
            10.8,
            10.2,
            9.6,
            9.7,
            9.9,
            11.3,
            9.2,
            10.0
        ],
        "volume": [
            10.911016949152543,
            10.593220338983052,
            11.440677966101696,
            10.805084745762711,
            10.169491525423728,
            10.275423728813559,
            10.487288135593221,
            11.97033898305085,
            9.745762711864407,
            10.593220338983052
        ],
        "avg": 10.699152542372882,
        "std": 0.6375519097905299
    },
    "20ul": {
        "data": [
            18.9,
            18.7,
            18.8,
            20.9,
            18.9,
            20.1,
            17.3,
            19.5,
            18.3,
            19.4
        ],
        "volume": [
            20.021186440677965,
            19.809322033898304,
            19.91525423728814,
            22.139830508474574,
            20.021186440677965,
            21.292372881355934,
            18.326271186440678,
            20.65677966101695,
            19.385593220338986,
            20.550847457627118
        ],
        "avg": 20.211864406779664,
        "std": 1.0412775774331382
    },
    "50ul": {
        "data": [
            47.6,
            45.9,
            48.0,
            47.6,
            47.5,
            47.0,
            47.2,
            47.4,
            47.5,
            47.4
        ],
        "volume": [
            50.42372881355933,
            48.62288135593221,
            50.847457627118644,
            50.42372881355933,
            50.317796610169495,
            49.78813559322034,
            50.00000000000001,
            50.21186440677966,
            50.317796610169495,
            50.21186440677966
        ],
        "avg": 50.11652542372881,
        "std": 0.5939135376822683
    },
    "100ul": {
        "data": [
            92.9,
            95.9,
            94.4,
            95.2,
            93.5,
            92.6,
            92.5,
            92.5,
            93.2,
            92.4
        ],
        "volume": [
            98.41101694915255,
            101.58898305084747,
            100.00000000000001,
            100.84745762711866,
            99.04661016949153,
            98.09322033898304,
            97.98728813559323,
            97.98728813559323,
            98.72881355932205,
            97.8813559322034
        ],
        "avg": 99.05720338983052,
        "std": 1.3178522432713335
    },
    "200ul": {
        "data": [
            188.0,
            186.3,
            187.3,
            187.2,
            187.2,
            187.7,
            187.5,
            187.4,
            187.7,
            188.3
        ],
        "volume": [
            199.15254237288136,
            197.35169491525426,
            198.41101694915255,
            198.3050847457627,
            198.3050847457627,
            198.83474576271186,
            198.6228813559322,
            198.5169491525424,
            198.83474576271186,
            199.47033898305088
        ],
        "avg": 198.58050847457628,
        "std": 0.5719903031445364
    },
    "500ul": {
        "data": [
            469.2,
            472.9,
            469.5,
            469.3,
            469.8,
            473.2,
            467.1,
            468.9,
            469.0,
            470.4
        ],
        "volume": [
            497.03389830508473,
            500.95338983050846,
            497.35169491525426,
            497.13983050847463,
            497.6694915254238,
            501.271186440678,
            494.80932203389835,
            496.71610169491527,
            496.8220338983051,
            498.3050847457627
        ],
        "avg": 497.8072033898305,
        "std": 1.9596980449221773
    },
    "750ul": {
        "data": [
            702.3,
            706.4,
            704.4,
            702.0,
            703.2
        ],
        "volume": [
            743.9618644067797,
            748.3050847457628,
            746.1864406779661,
            743.6440677966102,
            744.9152542372882
        ],
        "avg": 745.4025423728815,
        "std": 1.9002949997026397
    },
    "1000ul": {
        "data": [
            937.5,
            937.3,
            937.4,
            940.2,
            940.2
        ],
        "volume": [
            993.1144067796611,
            992.9025423728814,
            993.0084745762712,
            995.9745762711865,
            995.9745762711865
        ],
        "avg": 994.1949152542372,
        "std": 1.6263267184767372
    }
}