{
    "300ul": {
        "data": [
            279.5,
            278.6,
            282.6,
            282.5,
            280.5,
            282.6,
            281.9,
            282.5,
            281.8,
            281.7
        ],
        "volume": [
            296.0805084745763,
            295.1271186440678,
            299.36440677966107,
            299.2584745762712,
            297.1398305084746,
            299.36440677966107,
            298.6228813559322,
            299.2584745762712,
            298.5169491525424,
            298.41101694915255
        ],
        "avg": 298.11440677966107,
        "std": 1.5004361671286104
    },
    "200ul": {
        "data": [
            189.0,
            186.0,
            187.9,
            186.7,
            187.5,
            187.6,
            186.6,
            186.9,
            187.4,
            187.2
        ],
        "volume": [
            200.21186440677968,
            197.03389830508476,
            199.04661016949154,
            197.77542372881356,
            198.6228813559322,
            198.72881355932205,
            197.66949152542372,
            197.98728813559325,
            198.5169491525424,
            198.3050847457627
        ],
        "avg": 198.38983050847457,
        "std": 0.8718248227124875
    },
    "100ul": {
        "data": [
            95.4,
            94.2,
            94.2,
            94.5,
            94.0,
            93.4,
            93.7,
            92.0,
            94.9,
            94.0
        ],
        "volume": [
            101.05932203389831,
            99.78813559322035,
            99.78813559322035,
            100.10593220338984,
            99.57627118644068,
            98.9406779661017,
            99.2584745762712,
            97.45762711864407,
            100.52966101694916,
            99.57627118644068
        ],
        "avg": 99.60805084745763,
        "std": 0.9696638865721544
    },
    "75ul": {
        "data": [
            70.2,
            70.1,
            71.3,
            70.1,
            69.8,
            70.5,
            69.2,
            70.4,
            69.1,
            70.6
        ],
        "volume": [
            74.36440677966102,
            74.25847457627118,
            75.52966101694915,
            74.25847457627118,
            73.9406779661017,
            74.68220338983052,
            73.30508474576271,
            74.57627118644069,
            73.19915254237289,
            74.78813559322033
        ],
        "avg": 74.29025423728815,
        "std": 0.6920363463271808
    },
    "50ul": {
        "data": [
            47.7,
            45.2,
            45.5,
            47.0,
            46.7,
            45.5,
            47.1,
            46.9,
            47.3,
            46.7
        ],
        "volume": [
            50.529661016949156,
            47.8813559322034,
            48.199152542372886,
            49.78813559322034,
            49.47033898305085,
            48.199152542372886,
            49.89406779661017,
            49.68220338983051,
            50.10593220338983,
            49.47033898305085
        ],
        "avg": 49.32203389830509,
        "std": 0.9060489514107112
    },
    "25ul": {
        "data": [
            24.8,
            23.1,
            23.2,
            23.1,
            23.3,
            24.3,
            22.7,
            22.0,
            22.8,
            23.6
        ],
        "volume": [
            26.27118644067797,
            24.47033898305085,
            24.576271186440678,
            24.47033898305085,
            24.682203389830512,
            25.741525423728817,
            24.046610169491526,
            23.305084745762713,
            24.152542372881356,
            25.000000000000004
        ],
        "avg": 24.671610169491526,
        "std": 0.8451740655390002
    },
    "10ul": {
        "data": [
            10.4,
            9.3,
            10.2,
            9.3,
            9.4,
            8.9,
            9.4,
            8.6,
            11.4,
            8.5
        ],
        "volume": [
            11.016949152542374,
            9.851694915254239,
            10.805084745762711,
            9.851694915254239,
            9.95762711864407,
            9.427966101694917,
            9.95762711864407,
            9.110169491525424,
            12.076271186440678,
            9.004237288135593
        ],
        "avg": 10.105932203389832,
        "std": 0.9451147467455702
    },
    "5ul": {
        "data": [
            4.6,
            4.4,
            4.5,
            7.4,
            5.0,
            5.1,
            4.0,
            4.9,
            5.2,
            4.6
        ],
        "volume": [
            4.872881355932203,
            4.661016949152543,
            4.766949152542373,
            7.8389830508474585,
            5.296610169491526,
            5.4025423728813555,
            4.237288135593221,
            5.1906779661016955,
            5.508474576271187,
            4.872881355932203
        ],
        "avg": 5.264830508474577,
        "std": 0.9824382994819236
    }
}