{
    "10ul": {
        "data": [
            16.0,
            16.3,
            16.0,
            16.3,
            16.3,
            16.5,
            17.3,
            15.4,
            16.3,
            16.1
        ],
        "volume": [
            16.949152542372882,
            17.266949152542374,
            16.949152542372882,
            17.266949152542374,
            17.266949152542374,
            17.478813559322035,
            18.326271186440678,
            16.3135593220339,
            17.266949152542374,
            17.055084745762713
        ],
        "avg": 17.21398305084746,
        "std": 0.5049558490845721
    },
    "20ul": {
        "data": [
            24.4,
            25.2,
            24.2,
            25.3,
            25.2,
            24.8,
            25.0,
            25.1,
            25.5,
            26.3
        ],
        "volume": [
            25.847457627118644,
            26.694915254237287,
            25.635593220338983,
            26.80084745762712,
            26.694915254237287,
            26.27118644067797,
            26.48305084745763,
            26.58898305084746,
            27.012711864406782,
            27.860169491525426
        ],
        "avg": 26.58898305084746,
        "std": 0.6176855820810706
    },
    "50ul": {
        "data": [
            51.6,
            53.1,
            53.2,
            53.2,
            47.7,
            46.6,
            46.8,
            46.6,
            47.9,
            46.6
        ],
        "volume": [
            54.66101694915255,
            56.25000000000001,
            56.355932203389834,
            56.355932203389834,
            50.529661016949156,
            49.364406779661024,
            49.57627118644068,
            49.364406779661024,
            50.74152542372882,
            49.364406779661024
        ],
        "avg": 52.2563559322034,
        "std": 3.2127141433191073
    },
    "100ul": {
        "data": [
            93.4,
            93.8,
            93.8,
            93.5,
            93.3,
            93.5,
            93.3,
            94.3,
            93.2,
            93.1
        ],
        "volume": [
            98.9406779661017,
            99.36440677966102,
            99.36440677966102,
            99.04661016949153,
            98.83474576271186,
            99.04661016949153,
            98.83474576271186,
            99.89406779661017,
            98.72881355932205,
            98.62288135593221
        ],
        "avg": 99.0677966101695,
        "std": 0.37965197897501746
    },
    "200ul": {
        "data": [
            186.8,
            187.3,
            186.4,
            187.1,
            193.2,
            191.8,
            193.2,
            192.1,
            192.6,
            193.6
        ],
        "volume": [
            197.8813559322034,
            198.41101694915255,
            197.4576271186441,
            198.19915254237287,
            204.66101694915255,
            203.17796610169495,
            204.66101694915255,
            203.49576271186442,
            204.02542372881356,
            205.08474576271186
        ],
        "avg": 201.70550847457625,
        "std": 3.256809939471123
    },
    "500ul": {
        "data": [
            472.6,
            472.3,
            471.2,
            472.6,
            472.2,
            471.6,
            473.0,
            471.7,
            472.5,
            470.9
        ],
        "volume": [
            500.63559322033905,
            500.3177966101695,
            499.1525423728814,
            500.63559322033905,
            500.2118644067797,
            499.57627118644075,
            501.05932203389835,
            499.68220338983053,
            500.5296610169492,
            498.83474576271186
        ],
        "avg": 500.0635593220339,
        "std": 0.7205466633155342
    },
    "750ul": {
        "data": [
            705.3,
            706.7,
            703.2,
            705.4,
            705.0,
            705.7,
            705.0,
            705.3,
            706.3,
            703.3
        ],
        "volume": [
            747.1398305084746,
            748.6228813559322,
            744.9152542372882,
            747.2457627118645,
            746.8220338983051,
            747.5635593220339,
            746.8220338983051,
            747.1398305084746,
            748.1991525423729,
            745.021186440678
        ],
        "avg": 746.9491525423731,
        "std": 1.19201843304361
    },
    "1000ul": {
        "data": [
            939.7,
            940.2,
            940.7,
            940.2,
            939.4,
            939.9,
            939.9,
            939.7,
            939.4,
            939.0
        ],
        "volume": [
            995.4449152542373,
            995.9745762711865,
            996.5042372881356,
            995.9745762711865,
            995.1271186440679,
            995.656779661017,
            995.656779661017,
            995.4449152542373,
            995.1271186440679,
            994.7033898305085
        ],
        "avg": 1001.5708658732052,
        "std": 0.5152222165810995
    }
}