{
    "10ul": {
        "data": [
            10.8,
            10.3,
            11.1,
            11.3,
            11.4,
            11.6,
            10.3,
            11.0,
            9.8,
            10.5
        ],
        "volume": [
            8.15677966101695,
            10.911016949152543,
            11.758474576271187,
            11.97033898305085,
            12.076271186440678,
            12.288135593220339,
            10.911016949152543,
            11.652542372881356,
            10.381355932203391,
            11.122881355932204
        ],
        "avg": 10.56338028169014,
        "std": 1.2067801900166002
    },
    "20ul": {
        "data": [
            19.0,
            18.7,
            19.3,
            19.4,
            19.5,
            19.5,
            19.8,
            19.1,
            19.2,
            19.6
        ],
        "volume": [
            20.1271186440678,
            19.809322033898304,
            20.44491525423729,
            20.550847457627118,
            20.65677966101695,
            20.65677966101695,
            20.974576271186443,
            20.23305084745763,
            20.338983050847457,
            20.762711864406782
        ],
        "avg": 19.42655935613682,
        "std": 0.3403412644073873
    },
    "50ul": {
        "data": [
            44.5,
            45.4,
            45.4,
            45.7,
            44.6,
            43.8,
            45.0,
            45.0,
            45.2,
            44.4
        ],
        "volume": [
            47.13983050847458,
            48.09322033898305,
            48.09322033898305,
            48.41101694915255,
            47.24576271186441,
            46.398305084745765,
            47.66949152542373,
            47.66949152542373,
            47.8813559322034,
            47.03389830508475
        ],
        "avg": 45.17102615694164,
        "std": 0.6075088465425588
    },
    "100ul": {
        "data": [
            89.6,
            87.8,
            88.6,
            89.2,
            89.1,
            89.3,
            85.6,
            89.7,
            89.3,
            88.0
        ],
        "volume": [
            94.91525423728814,
            93.00847457627118,
            93.85593220338983,
            94.49152542372882,
            94.38559322033898,
            94.59745762711864,
            90.67796610169492,
            95.02118644067798,
            94.59745762711864,
            93.22033898305085
        ],
        "avg": 89.15492957746478,
        "std": 1.3115454460736042
    },
    "200ul": {
        "data": [
            177.4,
            178.2,
            179.1,
            179.5,
            179.4,
            179.4,
            180.0,
            179.4,
            179.6,
            179.3
        ],
        "volume": [
            187.92372881355934,
            188.77118644067795,
            189.72457627118644,
            190.14830508474577,
            190.04237288135596,
            190.04237288135596,
            190.67796610169492,
            190.04237288135596,
            190.25423728813558,
            189.93644067796612
        ],
        "avg": 180.2112676056338,
        "std": 0.8068328973636698
    },
    "500ul": {
        "data": [
            444.1,
            448.9,
            448.5,
            449.4,
            449.6,
            447.6,
            449.0,
            448.3,
            448.3,
            448.0
        ],
        "volume": [
            470.44491525423734,
            475.52966101694915,
            475.10593220338984,
            476.0593220338983,
            476.27118644067804,
            474.1525423728814,
            475.635593220339,
            474.8940677966102,
            474.8940677966102,
            474.5762711864407
        ],
        "avg": 450.8752515090544,
        "std": 1.6502244234172294
    }
	"750ul": {
        "data": [
            661.1,
            667.6,
            668.7,
            668.5,
            669.4,
            669.9,
            669.6,
            668.8,
            668.0,
            668.8
        ],
        "volume": [
            688.1756756756757,
            751.8018018018018,
            753.0405405405406,
            752.8153153153153,
            753.8288288288288,
            754.3918918918919,
            754.0540540540541,
            753.1531531531531,
            752.2522522522522,
            753.1531531531531
        ],
        "avg": 746.6666666666667,
        "std": 20.56667945048333
    },
    "1000ul": {
        "data": [
            884.5,
            886.3,
            885.4,
            883.7,
            882.6,
            882.6,
            883.7,
            880.1,
            882.4,
            881.1
        ],
        "volume": [
            996.0585585585585,
            998.0855855855855,
            997.072072072072,
            995.1576576576578,
            993.918918918919,
            993.918918918919,
            995.1576576576578,
            991.1036036036036,
            993.6936936936936,
            992.2297297297298
        ],
        "avg": 994.6396396396397,
        "std": 2.123576498436583
    }
}