{
    "10ul": {
        "data": [
            10.8,
            10.3,
            11.1,
            11.3,
            11.4,
            11.6,
            10.3,
            11.0,
            9.8,
            10.5
        ],
        "volume": [
            12.162162162162163,
            11.5990990990991,
            12.5,
            12.725225225225225,
            12.837837837837839,
            13.063063063063062,
            11.5990990990991,
            12.387387387387387,
            11.036036036036037,
            11.824324324324325
        ],
        "avg": 12.173423423423424,
        "std": 0.6468012913322198
    },
    "20ul": {
        "data": [
            19.0,
            18.7,
            19.3,
            19.4,
            19.5,
            19.5,
            19.8,
            19.1,
            19.2,
            19.6
        ],
        "volume": [
            21.396396396396398,
            21.05855855855856,
            21.734234234234236,
            21.846846846846844,
            21.95945945945946,
            21.95945945945946,
            22.2972972972973,
            21.50900900900901,
            21.62162162162162,
            22.072072072072075
        ],
        "avg": 21.745495495495497,
        "std": 0.3618042270276725
    },
    "50ul": {
        "data": [
            44.5,
            45.4,
            45.4,
            45.7,
            44.6,
            43.8,
            45.0,
            45.0,
            45.2,
            44.4
        ],
        "volume": [
            50.112612612612615,
            51.126126126126124,
            51.126126126126124,
            51.46396396396397,
            50.22522522522522,
            49.32432432432432,
            50.67567567567568,
            50.67567567567568,
            50.9009009009009,
            50.0
        ],
        "avg": 50.56306306306306,
        "std": 0.6458202152434411
    },
    "100ul": {
        "data": [
            89.6,
            87.8,
            88.6,
            89.2,
            89.1,
            89.3,
            85.6,
            89.7,
            89.3,
            88.0
        ],
        "volume": [
            100.9009009009009,
            98.87387387387388,
            99.77477477477477,
            100.45045045045045,
            100.33783783783782,
            100.56306306306305,
            96.39639639639638,
            101.01351351351352,
            100.56306306306305,
            99.09909909909909
        ],
        "avg": 99.79729729729729,
        "std": 1.3942555192494188
    },
    "200ul": {
        "data": [
            177.4,
            178.2,
            179.1,
            179.5,
            179.4,
            179.4,
            180.0,
            179.4,
            179.6,
            179.3
        ],
        "volume": [
            199.77477477477478,
            200.67567567567565,
            201.6891891891892,
            202.13963963963963,
            202.02702702702703,
            202.02702702702703,
            202.7027027027027,
            202.02702702702703,
            202.25225225225225,
            201.91441441441444
        ],
        "avg": 201.722972972973,
        "std": 0.8577142512514683
    },
    "500ul": {
        "data": [
            444.1,
            448.9,
            448.5,
            449.4,
            449.6,
            447.6,
            449.0,
            448.3,
            448.3,
            448.0
        ],
        "volume": [
            500.1126126126126,
            505.518018018018,
            505.06756756756755,
            506.08108108108104,
            506.30630630630634,
            504.05405405405406,
            505.6306306306306,
            504.84234234234236,
            504.84234234234236,
            504.5045045045045
        ],
        "avg": 504.69594594594594,
        "std": 1.7542926302994004
    },
    "750ul": {
        "data": [
            661.1,
            667.6,
            668.7,
            668.5,
            669.4,
            669.9,
            669.6,
            668.8,
            668.0,
            668.8
        ],
        "volume": [
            744.481981981982,
            751.8018018018018,
            753.0405405405406,
            752.8153153153153,
            753.8288288288288,
            754.3918918918919,
            754.0540540540541,
            753.1531531531531,
            752.2522522522522,
            753.1531531531531
        ],
        "avg": 752.2972972972972,
        "std": 2.8564068269176355
    },
    "1000ul": {
        "data": [
            884.5,
            886.3,
            885.4,
            883.7,
            882.6,
            882.6,
            883.7,
            880.1,
            882.4,
            881.1
        ],
        "volume": [
            996.0585585585585,
            998.0855855855855,
            997.072072072072,
            995.1576576576578,
            993.918918918919,
            993.918918918919,
            995.1576576576578,
            991.1036036036036,
            993.6936936936936,
            992.2297297297298
        ],
        "avg": 994.6396396396398,
        "std": 2.123576498436583
    }
}